{
  "pathClasses": [
    {
      "name": "Unclassified"
    },
    {
      "name": "Tumor",
      "color": -3670016
    },
    {
      "name": "Stroma",
      "color": -6895466
    },
    {
      "name": "Immune cells",
      "color": -6268256
    },
    {
      "name": "Necrosis",
      "color": -13487566
    },
    {
      "name": "Other",
      "color": -14336
    },
    {
      "name": "Region*",
      "color": -16777036
    },
    {
      "name": "Ignore*",
      "color": -4934476
    },
    {
      "name": "Gray Matter",
      "color": -9804805
    },
    {
      "name": "White Matter",
      "color": -7904646
    }
  ]
}